Product Name,Price,Ratings,URL
"Lenovo IdeaPad Slim 3, Intel Core i5-12450H 12th Gen, 16GB RAM, 512GB SSD, FHD 250Nits, 14""/35.5cm, Windows 11, MSOffice 21, Grey, 1.37Kg, 83EQ005VIN,1Yr Warranty,Alexa Built-in,3 mon. GamePass Laptop","47,890",,https://www.amazon.in/sspa/click?ie=UTF8&spc=MTo3NTc5MTMwNTkwODU5NTY5OjE3NTI0MTg0NDE6c3BfYXRmOjMwMDI4NDc3NzI2NjgzMjo6MDo6&url=%2FLenovo-IdeaPad-i5-12450H-Warranty-83EQ005VIN%2Fdp%2FB0D6MPVN7B%2Fref%3Dsr_1_1_sspa%3Fdib%3DeyJ2IjoiMSJ9.FCuxQIpCeN8C_jYQ8ONa2iE2nQPyychucW5Nm1xdkrMPVXitxWQVk6rVLEPFMwVlng0KvaWmd4FSPeG7rgcZV7SEwyoE4-RTv1ypa6M5BI4hULUsl9wyfMh19dqsx1FHou20q4p2asymT9mWTcVpxnZFD1MJuj_b6L4ccOlXMNSgLPDO1curp21l8esO--XgA9SPMuiC59QSfU73Lhjk7TBumKUy43mjmnY71BqJEEY.eVSU6lMyM7vT_2U8cYZVNYkwaZMbAg37iOK2p6gyl5M%26dib_tag%3Dse%26keywords%3Dlaptop%26qid%3D1752418441%26sr%3D8-1-spons%26sp_csd%3Dd2lkZ2V0TmFtZT1zcF9hdGY%26psc%3D1&cr=DUB
"HP 15, 13th Gen Intel Core i5-1335U (16GB DDR4, 512GB SSD) FHD, Anti-Glare, Micro-Edge, 15.6''/39.6cm, Win11, M365 Basic(1yr)* Office24, Silver,1.59kg, fd0577TU, Iris Xe, FHD Camera w/Shutter Laptop","51,990",,https://www.amazon.in/sspa/click?ie=UTF8&spc=MTo3NTc5MTMwNTkwODU5NTY5OjE3NTI0MTg0NDE6c3BfYXRmOjMwMDU1OTU3Nzg0OTUzMjo6MDo6&url=%2FHP-i5-1335U-Anti-Glare-Micro-Edge-fd0577TU%2Fdp%2FB0F4R6H3NB%2Fref%3Dsr_1_2_sspa%3Fdib%3DeyJ2IjoiMSJ9.FCuxQIpCeN8C_jYQ8ONa2iE2nQPyychucW5Nm1xdkrMPVXitxWQVk6rVLEPFMwVlng0KvaWmd4FSPeG7rgcZV7SEwyoE4-RTv1ypa6M5BI4hULUsl9wyfMh19dqsx1FHou20q4p2asymT9mWTcVpxnZFD1MJuj_b6L4ccOlXMNSgLPDO1curp21l8esO--XgA9SPMuiC59QSfU73Lhjk7TBumKUy43mjmnY71BqJEEY.eVSU6lMyM7vT_2U8cYZVNYkwaZMbAg37iOK2p6gyl5M%26dib_tag%3Dse%26keywords%3Dlaptop%26qid%3D1752418441%26sr%3D8-2-spons%26sp_csd%3Dd2lkZ2V0TmFtZT1zcF9hdGY%26psc%3D1&cr=DUB
"HP 15, AMD Ryzen 3 7320U (8GB LPDDR5, 512GB SSD) FHD, Anti-Glare, Micro-Edge, 15.6""/39.6cm, Win 11, Office 21, Silver, 1.59kg, fc0154AU, AMD Radeon Graphics, 1080p FHD Camera Laptop","28,990",,https://www.amazon.in/HP-Laptop-15-6-inch-Graphics-fc0154AU/dp/B0D3HG5CMG/ref=sr_1_3?dib=eyJ2IjoiMSJ9.FCuxQIpCeN8C_jYQ8ONa2iE2nQPyychucW5Nm1xdkrMPVXitxWQVk6rVLEPFMwVlng0KvaWmd4FSPeG7rgcZV7SEwyoE4-RTv1ypa6M5BI4hULUsl9wyfMh19dqsx1FHou20q4p2asymT9mWTcVpxnZFD1MJuj_b6L4ccOlXMNSgLPDO1curp21l8esO--XgA9SPMuiC59QSfU73Lhjk7TBumKUy43mjmnY71BqJEEY.eVSU6lMyM7vT_2U8cYZVNYkwaZMbAg37iOK2p6gyl5M&dib_tag=se&keywords=laptop&qid=1752418441&sr=8-3
"HP 15, 13th Gen Intel Core i3-1315U (12GB DDR4, 512GB SSD) FHD, Anti-Glare, Micro-Edge, 15.6''/39.6cm, Win11, M365 Basic(1yr)* Office24, Silver, 1.59kg, fd0573TU, FHD Camera w/Shutter, Backlit Laptop","35,990",,https://www.amazon.in/HP-i3-1315U-Anti-Glare-Micro-Edge-fd0573TU/dp/B0F4R3GFMQ/ref=sr_1_4?dib=eyJ2IjoiMSJ9.FCuxQIpCeN8C_jYQ8ONa2iE2nQPyychucW5Nm1xdkrMPVXitxWQVk6rVLEPFMwVlng0KvaWmd4FSPeG7rgcZV7SEwyoE4-RTv1ypa6M5BI4hULUsl9wyfMh19dqsx1FHou20q4p2asymT9mWTcVpxnZFD1MJuj_b6L4ccOlXMNSgLPDO1curp21l8esO--XgA9SPMuiC59QSfU73Lhjk7TBumKUy43mjmnY71BqJEEY.eVSU6lMyM7vT_2U8cYZVNYkwaZMbAg37iOK2p6gyl5M&dib_tag=se&keywords=laptop&qid=1752418441&sr=8-4
"Apple MacBook Air Laptop: Apple M1 chip, 13.3-inch/33.74 cm Retina Display, 8GB RAM, 256GB SSD Storage, Backlit Keyboard, FaceTime HD Camera, Touch ID. Works with iPhone/iPad; Space Grey","54,990",,https://www.amazon.in/Apple-MacBook-Chip-13-inch-256GB/dp/B08N5W4NNB/ref=sr_1_5?dib=eyJ2IjoiMSJ9.FCuxQIpCeN8C_jYQ8ONa2iE2nQPyychucW5Nm1xdkrMPVXitxWQVk6rVLEPFMwVlng0KvaWmd4FSPeG7rgcZV7SEwyoE4-RTv1ypa6M5BI4hULUsl9wyfMh19dqsx1FHou20q4p2asymT9mWTcVpxnZFD1MJuj_b6L4ccOlXMNSgLPDO1curp21l8esO--XgA9SPMuiC59QSfU73Lhjk7TBumKUy43mjmnY71BqJEEY.eVSU6lMyM7vT_2U8cYZVNYkwaZMbAg37iOK2p6gyl5M&dib_tag=se&keywords=laptop&qid=1752418441&sr=8-5
"Acer [SmartChoice Aspire Lite AMD Ryzen 5-5625U Processor, 16 GB/512 GB, Full HD, 15.6""/39.62 cm, Windows 11 Home, Steel Gray, 1.59 kg, AL15-41, Metal Body, Thin and Light Laptop","31,490",,https://www.amazon.in/5-5625U-Premium-Windows-AL15-41-Display/dp/B0DG2GCTD7/ref=sr_1_6?dib=eyJ2IjoiMSJ9.FCuxQIpCeN8C_jYQ8ONa2iE2nQPyychucW5Nm1xdkrMPVXitxWQVk6rVLEPFMwVlng0KvaWmd4FSPeG7rgcZV7SEwyoE4-RTv1ypa6M5BI4hULUsl9wyfMh19dqsx1FHou20q4p2asymT9mWTcVpxnZFD1MJuj_b6L4ccOlXMNSgLPDO1curp21l8esO--XgA9SPMuiC59QSfU73Lhjk7TBumKUy43mjmnY71BqJEEY.eVSU6lMyM7vT_2U8cYZVNYkwaZMbAg37iOK2p6gyl5M&dib_tag=se&keywords=laptop&qid=1752418441&sr=8-6
"Lenovo IdeaPad Slim 3, Intel Core i5-12450H, 12th Gen, 16GB RAM, 512GB SSD, FHD, 14""/35.5cm, Windows 11, MS Office Home 2024, Grey, 1.37Kg, 83EQ0072IN, Alexa Built-in, 3 mon. Game Pass Laptop","47,390",,https://www.amazon.in/Lenovo-IdeaPad-i5-12450H-Windows-83EQ0072IN/dp/B0DP7BZ8FD/ref=sr_1_7?dib=eyJ2IjoiMSJ9.FCuxQIpCeN8C_jYQ8ONa2iE2nQPyychucW5Nm1xdkrMPVXitxWQVk6rVLEPFMwVlng0KvaWmd4FSPeG7rgcZV7SEwyoE4-RTv1ypa6M5BI4hULUsl9wyfMh19dqsx1FHou20q4p2asymT9mWTcVpxnZFD1MJuj_b6L4ccOlXMNSgLPDO1curp21l8esO--XgA9SPMuiC59QSfU73Lhjk7TBumKUy43mjmnY71BqJEEY.eVSU6lMyM7vT_2U8cYZVNYkwaZMbAg37iOK2p6gyl5M&dib_tag=se&keywords=laptop&qid=1752418441&sr=8-7
"ASUS TUF Gaming A15, AMD Ryzen 7 7435HS Gaming Laptop(NVIDIA RTX 3050-4GB/60W TGP/16GB RAM/512GB SSD/FHD/15.6""/144Hz/RGB KB/48WHr/Windows 11//Graphite Black/2.30 Kg) FA506NCR-HN054W","63,990",,https://www.amazon.in/ASUS-15-6-inch-GeForce-Graphite-FA506NCR-HN054W/dp/B0D5DFR78J/ref=sr_1_8?dib=eyJ2IjoiMSJ9.FCuxQIpCeN8C_jYQ8ONa2iE2nQPyychucW5Nm1xdkrMPVXitxWQVk6rVLEPFMwVlng0KvaWmd4FSPeG7rgcZV7SEwyoE4-RTv1ypa6M5BI4hULUsl9wyfMh19dqsx1FHou20q4p2asymT9mWTcVpxnZFD1MJuj_b6L4ccOlXMNSgLPDO1curp21l8esO--XgA9SPMuiC59QSfU73Lhjk7TBumKUy43mjmnY71BqJEEY.eVSU6lMyM7vT_2U8cYZVNYkwaZMbAg37iOK2p6gyl5M&dib_tag=se&keywords=laptop&qid=1752418441&sr=8-8
HP 255 G10 Laptop (AMD Athlon Silver 7120U/ 8GB RAM / 256GB SSD/Windows 11/15.6 INCH ASH Silver,"22,449",,https://www.amazon.in/HP-%E2%80%8E%E2%80%8ELaptop-Athlon-Silver-Windows/dp/B0DV984J97/ref=sr_1_9?dib=eyJ2IjoiMSJ9.FCuxQIpCeN8C_jYQ8ONa2iE2nQPyychucW5Nm1xdkrMPVXitxWQVk6rVLEPFMwVlng0KvaWmd4FSPeG7rgcZV7SEwyoE4-RTv1ypa6M5BI4hULUsl9wyfMh19dqsx1FHou20q4p2asymT9mWTcVpxnZFD1MJuj_b6L4ccOlXMNSgLPDO1curp21l8esO--XgA9SPMuiC59QSfU73Lhjk7TBumKUy43mjmnY71BqJEEY.eVSU6lMyM7vT_2U8cYZVNYkwaZMbAg37iOK2p6gyl5M&dib_tag=se&keywords=laptop&qid=1752418441&sr=8-9
"Lenovo ThinkBook 16 AMD Ryzen 5 7535HS (16GB RAM/512GB SSD/Win 11 Home/Office 2024/Backlit Keyboard/Fingerprint) 16"" WUXGA IPS 300 Nits Thin & Light Laptop/1Y Warranty/Aluminium Top/1.7kg, 21MWA0BSIN","46,990",,https://www.amazon.in/Lenovo-ThinkBook-7535HS-Fingerprint-21MWA0BSIN/dp/B0DZJ262NX/ref=sr_1_10?dib=eyJ2IjoiMSJ9.FCuxQIpCeN8C_jYQ8ONa2iE2nQPyychucW5Nm1xdkrMPVXitxWQVk6rVLEPFMwVlng0KvaWmd4FSPeG7rgcZV7SEwyoE4-RTv1ypa6M5BI4hULUsl9wyfMh19dqsx1FHou20q4p2asymT9mWTcVpxnZFD1MJuj_b6L4ccOlXMNSgLPDO1curp21l8esO--XgA9SPMuiC59QSfU73Lhjk7TBumKUy43mjmnY71BqJEEY.eVSU6lMyM7vT_2U8cYZVNYkwaZMbAg37iOK2p6gyl5M&dib_tag=se&keywords=laptop&qid=1752418441&sr=8-10
"Lenovo IdeaPad Slim 3 13th Gen Intel Core i5-13420H 15.3""(38.8cm) WUXGA IPS Laptop(16GB RAM/512GB SSD/Win 11/Office Home 2024/Backlit/1Yr ADP Free/Top Metal Cover & IR Camera/Grey/1.6Kg), 83K100CGIN","57,990",,https://www.amazon.in/sspa/click?ie=UTF8&spc=MTo3NTc5MTMwNTkwODU5NTY5OjE3NTI0MTg0NDE6c3BfbXRmOjMwMDU2OTY0NzM5NTYzMjo6MDo6&url=%2FLenovo-IdeaPad-i5-13420H-Backlit-83K100CGIN%2Fdp%2FB0F637DPFW%2Fref%3Dsr_1_11_sspa%3Fdib%3DeyJ2IjoiMSJ9.FCuxQIpCeN8C_jYQ8ONa2iE2nQPyychucW5Nm1xdkrMPVXitxWQVk6rVLEPFMwVlng0KvaWmd4FSPeG7rgcZV7SEwyoE4-RTv1ypa6M5BI4hULUsl9wyfMh19dqsx1FHou20q4p2asymT9mWTcVpxnZFD1MJuj_b6L4ccOlXMNSgLPDO1curp21l8esO--XgA9SPMuiC59QSfU73Lhjk7TBumKUy43mjmnY71BqJEEY.eVSU6lMyM7vT_2U8cYZVNYkwaZMbAg37iOK2p6gyl5M%26dib_tag%3Dse%26keywords%3Dlaptop%26qid%3D1752418441%26sr%3D8-11-spons%26sp_csd%3Dd2lkZ2V0TmFtZT1zcF9tdGY%26psc%3D1&cr=DUB
"Lenovo Smartchoice Yoga Slim 7 Intel Core Ultra 5 125H Built-in AI 14""(35.5cm) WUXGA-OLED 400Nits Laptop (16GB/512GB SSD/60Hz/100% DCI-P3/Win11/MSO 21/1Yr ADP Free/Alexa/Grey/1.39Kg), 83CV003MIN","74,990",,https://www.amazon.in/sspa/click?ie=UTF8&spc=MTo3NTc5MTMwNTkwODU5NTY5OjE3NTI0MTg0NDE6c3BfbXRmOjMwMDU3ODI3NDk0NTIzMjo6MDo6&url=%2FLenovo-Built-WUXGA-OLED-400Nits-83CV003MIN%2Fdp%2FB0D9VLF328%2Fref%3Dsr_1_12_sspa%3Fdib%3DeyJ2IjoiMSJ9.FCuxQIpCeN8C_jYQ8ONa2iE2nQPyychucW5Nm1xdkrMPVXitxWQVk6rVLEPFMwVlng0KvaWmd4FSPeG7rgcZV7SEwyoE4-RTv1ypa6M5BI4hULUsl9wyfMh19dqsx1FHou20q4p2asymT9mWTcVpxnZFD1MJuj_b6L4ccOlXMNSgLPDO1curp21l8esO--XgA9SPMuiC59QSfU73Lhjk7TBumKUy43mjmnY71BqJEEY.eVSU6lMyM7vT_2U8cYZVNYkwaZMbAg37iOK2p6gyl5M%26dib_tag%3Dse%26keywords%3Dlaptop%26qid%3D1752418441%26sr%3D8-12-spons%26sp_csd%3Dd2lkZ2V0TmFtZT1zcF9tdGY%26psc%3D1&cr=DUB
"ASUS Vivobook 15, Intel Core i3-1315U 13th Gen, 15.6"" (39.62 cms) FHD, Thin and Light Laptop (8GB RAM/512GB SSD/Win11/MS Office/Backlit Keyboard/Silver/1.7 kg), X1504VA-NJ320WS","33,990",,https://www.amazon.in/ASUS-Vivobook-i3-1315U-Integrated-X1504VA-NJ320WS/dp/B0CYTD8DVF/ref=sr_1_13?dib=eyJ2IjoiMSJ9.FCuxQIpCeN8C_jYQ8ONa2iE2nQPyychucW5Nm1xdkrMPVXitxWQVk6rVLEPFMwVlng0KvaWmd4FSPeG7rgcZV7SEwyoE4-RTv1ypa6M5BI4hULUsl9wyfMh19dqsx1FHou20q4p2asymT9mWTcVpxnZFD1MJuj_b6L4ccOlXMNSgLPDO1curp21l8esO--XgA9SPMuiC59QSfU73Lhjk7TBumKUy43mjmnY71BqJEEY.eVSU6lMyM7vT_2U8cYZVNYkwaZMbAg37iOK2p6gyl5M&dib_tag=se&keywords=laptop&qid=1752418441&sr=8-13
"HP Professional 15, 12th Gen Intel Core Celeron-N4500 Turbo Boost, 8GB DDR4, 256GB SSD, (Win 11 Pro, MSO 21Pro, Gray, 1.59kg), 15.6 inch, UHD Graphics, Numeric KB, Business Laptop","22,510",,https://www.amazon.in/HP-Professional-Celeron-N4500-Graphics-Business/dp/B0FCD9LKLZ/ref=sr_1_14?dib=eyJ2IjoiMSJ9.FCuxQIpCeN8C_jYQ8ONa2iE2nQPyychucW5Nm1xdkrMPVXitxWQVk6rVLEPFMwVlng0KvaWmd4FSPeG7rgcZV7SEwyoE4-RTv1ypa6M5BI4hULUsl9wyfMh19dqsx1FHou20q4p2asymT9mWTcVpxnZFD1MJuj_b6L4ccOlXMNSgLPDO1curp21l8esO--XgA9SPMuiC59QSfU73Lhjk7TBumKUy43mjmnY71BqJEEY.eVSU6lMyM7vT_2U8cYZVNYkwaZMbAg37iOK2p6gyl5M&dib_tag=se&keywords=laptop&qid=1752418441&sr=8-14
"Acer Aspire Lite, AMD Ryzen 3 7330U Processor, 16 GB RAM, 512GB SSD, Full HD, 15.6""/39.62cm, Windows 11 Home, Steel Gray, 1.59KG, AL15-41, Metal Body, Premium Thin and Light Laptop","28,490",,https://www.amazon.in/Acer-Premium-Windows-AL15-41-Display/dp/B0CWTYGPH8/ref=sr_1_15?dib=eyJ2IjoiMSJ9.FCuxQIpCeN8C_jYQ8ONa2iE2nQPyychucW5Nm1xdkrMPVXitxWQVk6rVLEPFMwVlng0KvaWmd4FSPeG7rgcZV7SEwyoE4-RTv1ypa6M5BI4hULUsl9wyfMh19dqsx1FHou20q4p2asymT9mWTcVpxnZFD1MJuj_b6L4ccOlXMNSgLPDO1curp21l8esO--XgA9SPMuiC59QSfU73Lhjk7TBumKUy43mjmnY71BqJEEY.eVSU6lMyM7vT_2U8cYZVNYkwaZMbAg37iOK2p6gyl5M&dib_tag=se&keywords=laptop&qid=1752418441&sr=8-15
"Dell Inspiron 3530 Thin & Light Laptop, 13th Gen Intel Core i3-1305U/8GB/512GB SSD/15.6"" (39.62cm) 120Hz Refresh Rate on a FHD IPS Display/Windows 11 + MSO'21+McAfee 15 Month/Carbon Black/1.62kg","33,990",,https://www.amazon.in/Dell-Inspiron-3530-i3-1305U-Comfortview/dp/B0C4ZM63RP/ref=sr_1_16?dib=eyJ2IjoiMSJ9.FCuxQIpCeN8C_jYQ8ONa2iE2nQPyychucW5Nm1xdkrMPVXitxWQVk6rVLEPFMwVlng0KvaWmd4FSPeG7rgcZV7SEwyoE4-RTv1ypa6M5BI4hULUsl9wyfMh19dqsx1FHou20q4p2asymT9mWTcVpxnZFD1MJuj_b6L4ccOlXMNSgLPDO1curp21l8esO--XgA9SPMuiC59QSfU73Lhjk7TBumKUy43mjmnY71BqJEEY.eVSU6lMyM7vT_2U8cYZVNYkwaZMbAg37iOK2p6gyl5M&dib_tag=se&keywords=laptop&qid=1752418441&sr=8-16
"2022 Apple MacBook Air Laptop with M2 chip: 13.6-inch Liquid Retina Display, 16GB RAM, 256GB SSD Storage, Backlit Keyboard, 1080p FaceTime HD Camera. Works with iPhone and iPad; Midnight","77,990",,https://www.amazon.in/2022-Apple-MacBook-Laptop-chip/dp/B0DLHFM2XL/ref=sr_1_17?dib=eyJ2IjoiMSJ9.FCuxQIpCeN8C_jYQ8ONa2iE2nQPyychucW5Nm1xdkrMPVXitxWQVk6rVLEPFMwVlng0KvaWmd4FSPeG7rgcZV7SEwyoE4-RTv1ypa6M5BI4hULUsl9wyfMh19dqsx1FHou20q4p2asymT9mWTcVpxnZFD1MJuj_b6L4ccOlXMNSgLPDO1curp21l8esO--XgA9SPMuiC59QSfU73Lhjk7TBumKUy43mjmnY71BqJEEY.eVSU6lMyM7vT_2U8cYZVNYkwaZMbAg37iOK2p6gyl5M&dib_tag=se&keywords=laptop&qid=1752418441&sr=8-17
"HP 15, 13th Gen Intel Core i3-1315U Laptop (8GB DDR4, 512GB SSD) Anti-Glare, Micro-Edge, 15.6""/39.6cm, FHD, Win 11, MSO 21, Silver, 1.59kg, Intel UHD Graphics, 1080p FHD Camera, 15-fd0006TU/fd0186tu","33,990",,https://www.amazon.in/HP-i3-1315U-Anti-Glare-Micro-Edge-Graphics/dp/B0D2KDCWJL/ref=sr_1_18?dib=eyJ2IjoiMSJ9.FCuxQIpCeN8C_jYQ8ONa2iE2nQPyychucW5Nm1xdkrMPVXitxWQVk6rVLEPFMwVlng0KvaWmd4FSPeG7rgcZV7SEwyoE4-RTv1ypa6M5BI4hULUsl9wyfMh19dqsx1FHou20q4p2asymT9mWTcVpxnZFD1MJuj_b6L4ccOlXMNSgLPDO1curp21l8esO--XgA9SPMuiC59QSfU73Lhjk7TBumKUy43mjmnY71BqJEEY.eVSU6lMyM7vT_2U8cYZVNYkwaZMbAg37iOK2p6gyl5M&dib_tag=se&keywords=laptop&qid=1752418441&sr=8-18
"ASUS Vivobook 16X 12th Gen, Intel Core i5-12500H Creator/Gaming Laptop(NVIDIA RTX 2050-4GB/16GB/512GB/FHD+/16.0""/144Hz/Windows 11/M365 Basic (1Year)*/Office Home 2024/Silver/1.67 kg) K3605ZF-RP458WS","56,990",,https://www.amazon.in/ASUS-Vivobook-i5-12500H-2050-4GB-K3605ZF-RP458WS/dp/B0DS2DQD9L/ref=sr_1_19?dib=eyJ2IjoiMSJ9.FCuxQIpCeN8C_jYQ8ONa2iE2nQPyychucW5Nm1xdkrMPVXitxWQVk6rVLEPFMwVlng0KvaWmd4FSPeG7rgcZV7SEwyoE4-RTv1ypa6M5BI4hULUsl9wyfMh19dqsx1FHou20q4p2asymT9mWTcVpxnZFD1MJuj_b6L4ccOlXMNSgLPDO1curp21l8esO--XgA9SPMuiC59QSfU73Lhjk7TBumKUy43mjmnY71BqJEEY.eVSU6lMyM7vT_2U8cYZVNYkwaZMbAg37iOK2p6gyl5M&dib_tag=se&keywords=laptop&qid=1752418441&sr=8-19
"Lenovo Ideapad 1 AMD Ryzen 5 5625U (16GB RAM/512GB SSD/Windows 11/Office Home 2024/15.6 Inch (39.6Cm)/FHD IPS Display/3Months Game Pass/Grey/1.6Kg), 82R4011CIN/0DIN Laptop","36,990",,https://www.amazon.in/Lenovo-Ideapad-Windows-Display-82R4011CIN/dp/B0DT3SBQM7/ref=sr_1_20?dib=eyJ2IjoiMSJ9.FCuxQIpCeN8C_jYQ8ONa2iE2nQPyychucW5Nm1xdkrMPVXitxWQVk6rVLEPFMwVlng0KvaWmd4FSPeG7rgcZV7SEwyoE4-RTv1ypa6M5BI4hULUsl9wyfMh19dqsx1FHou20q4p2asymT9mWTcVpxnZFD1MJuj_b6L4ccOlXMNSgLPDO1curp21l8esO--XgA9SPMuiC59QSfU73Lhjk7TBumKUy43mjmnY71BqJEEY.eVSU6lMyM7vT_2U8cYZVNYkwaZMbAg37iOK2p6gyl5M&dib_tag=se&keywords=laptop&qid=1752418441&sr=8-20
"Lenovo Smartchoice LOQ AMD Ryzen 7 7435HS, NVIDIA RTX 4050-6GB, 24GB RAM, 512GB SSD, 15.6""/39.6cm, Windows 11, MS Office Home 2024, Grey, 2.4Kg, 83JC00EGIN, 100% sRGB, 3 Mon. Game Pass Gaming Laptop","80,990",,https://www.amazon.in/sspa/click?ie=UTF8&spc=MTo3NTc5MTMwNTkwODU5NTY5OjE3NTI0MTg0NDE6c3BfYnRmOjMwMDQ0OTYwMTE1NjMzMjo6MDo6&url=%2FLenovo-Smartchoice-4050-6GB-Windows-83JC00EGIN%2Fdp%2FB0DPQHCKQD%2Fref%3Dsr_1_21_sspa%3Fdib%3DeyJ2IjoiMSJ9.FCuxQIpCeN8C_jYQ8ONa2iE2nQPyychucW5Nm1xdkrMPVXitxWQVk6rVLEPFMwVlng0KvaWmd4FSPeG7rgcZV7SEwyoE4-RTv1ypa6M5BI4hULUsl9wyfMh19dqsx1FHou20q4p2asymT9mWTcVpxnZFD1MJuj_b6L4ccOlXMNSgLPDO1curp21l8esO--XgA9SPMuiC59QSfU73Lhjk7TBumKUy43mjmnY71BqJEEY.eVSU6lMyM7vT_2U8cYZVNYkwaZMbAg37iOK2p6gyl5M%26dib_tag%3Dse%26keywords%3Dlaptop%26qid%3D1752418441%26sr%3D8-21-spons%26sp_csd%3Dd2lkZ2V0TmFtZT1zcF9idGY%26psc%3D1&cr=DUB
"Dell Inspiron 15-3530 Laptop - 15.6 inch FHD, 13th Gen Intel Core i7-1355U, 16GB DDR4 RAM, 512GB SSD, Backlit Keyboard, Windows 11 Home, Platinum Silver, 1.62 Kg, 1 Year Onsite Hardware Service","67,990",,https://www.amazon.in/sspa/click?ie=UTF8&spc=MTo3NTE2ODAxMzY4ODA5NTg0OjE3NTI0MTg0NDU6c3BfYXRmX25leHQ6MzAwNDg1MTg3OTMxNjMyOjowOjo&url=%2FDell-Inspiron-15-3530-Laptop-i7-1355U%2Fdp%2FB0DSFP9FCS%2Fref%3Dsr_1_17_sspa%3Fdib%3DeyJ2IjoiMSJ9.l9d1mOaI9eW3LAx9jlPC8r2feD3gLUnK_ffSikpD123GjHj071QN20LucGBJIEps.2Z_yh-yYXui2mZ6pja2gglYmjY-1E4twgYvMv_IXIrI%26dib_tag%3Dse%26keywords%3Dlaptop%26qid%3D1752418445%26sr%3D8-17-spons%26xpid%3DJzqK9_Hy0bkdL%26sp_csd%3Dd2lkZ2V0TmFtZT1zcF9hdGZfbmV4dA%26psc%3D1&cr=DUB
"Lenovo V15 Intel Celeron N4500 15.6"" (39.62 cm) FHD (1920x1080) Antiglare 250 Nits Thin and Light Laptop (8GB RAM/256GB SSD/Windows 11 Home/Black/1Y Onsite/1.7 kg), 82QYA00MIN","21,890",,https://www.amazon.in/Lenovo-Celeron-1920x1080-Antiglare-82QYA00MIN/dp/B0C28FKJXG/ref=sr_1_19?dib=eyJ2IjoiMSJ9.l9d1mOaI9eW3LAx9jlPC8r2feD3gLUnK_ffSikpD123GjHj071QN20LucGBJIEps.2Z_yh-yYXui2mZ6pja2gglYmjY-1E4twgYvMv_IXIrI&dib_tag=se&keywords=laptop&qid=1752418445&sr=8-19&xpid=JzqK9_Hy0bkdL
"HP 15s, AMD Ryzen 5 5500U (8GB DDR4, 512GB SSD) FHD, Anti-Glare, 15.6''/39.6 cm, Win 11, Office 21, Silver, 1.69 kg, eq2144AU, AMD Radeon Graphics, HD Camera, Dual Speakers Laptop","35,990",,https://www.amazon.in/HP-Anti-Glare-15-6-inch-Graphics-eq2144AU/dp/B09RZRF1PJ/ref=sr_1_20?dib=eyJ2IjoiMSJ9.l9d1mOaI9eW3LAx9jlPC8r2feD3gLUnK_ffSikpD123GjHj071QN20LucGBJIEps.2Z_yh-yYXui2mZ6pja2gglYmjY-1E4twgYvMv_IXIrI&dib_tag=se&keywords=laptop&qid=1752418445&sr=8-20&xpid=JzqK9_Hy0bkdL
STRIFF Adjustable Laptop Tabletop Stand Patented Riser Ventilated Portable Foldable Compatible with MacBook Notebook Tablet Tray Desk Table Book with Free Phone Stand (Black),224,,https://www.amazon.in/STRIFF-Adjustable-Patented-Ventilated-Compatible/dp/B07XCM6T4N/ref=sr_1_21?dib=eyJ2IjoiMSJ9.l9d1mOaI9eW3LAx9jlPC8r2feD3gLUnK_ffSikpD123GjHj071QN20LucGBJIEps.2Z_yh-yYXui2mZ6pja2gglYmjY-1E4twgYvMv_IXIrI&dib_tag=se&keywords=laptop&qid=1752418445&sr=8-21&xpid=JzqK9_Hy0bkdL
"JioBook 11 with Lifetime Office/Android 4G Laptop Mediatek 8788 (JioOS) / Octa-core/ 4GB RAM / 64 eMMC Storage/Thin and Light Laptop (11.6 inch, 990 Grams)/ Dual Band WiFi + SIM/Blue","12,990",,https://www.amazon.in/JioBook-Octa-Core-LPDDR4-JioOS-Expandable/dp/B0CKX9PY1H/ref=sr_1_17?dib=eyJ2IjoiMSJ9.JJ8jp9LweUM7BL5sMTP3Ix90ZNm6o9QqhwNpe2o7SPfS8tdkDnYmuOAvN7QoY9GhHgiR4ejG-D8E866NNGlacnioLluytUlYVK91H-ULTtmmOtUm_4y637OsgXeQZuNkyfoz8_pbetIKsMh1HRhLyzvTRKzWsosUtDlY85dMRQUvTdGsLtPJQzXz9TPJWFxp.4OdnKv62mjNFnYwujAXWuJCq_bjDl5zbStS71EPTnSg&dib_tag=se&keywords=laptop&qid=1752418445&sr=8-17&xpid=JzqK9_Hy0bkdL
ULTIMUS APEX Laptop Intel Celeron Dual Core 8 GB LPDDR4 512 GB SSD Expandable~1TB 14.1 FHD IPS Laptop Anti-Glare Ultra Thin Bezel 180° Hinge 3.0x3 USB HDMI SD Card Slot Win 11 Home 1.25KG Silver,"17,490",,https://www.amazon.in/ULTIMUS-Laptop-Celeron-Expandable-1TB-Anti-Glare/dp/B0F5WTFC3D/ref=sr_1_18?dib=eyJ2IjoiMSJ9.JJ8jp9LweUM7BL5sMTP3Ix90ZNm6o9QqhwNpe2o7SPfS8tdkDnYmuOAvN7QoY9GhHgiR4ejG-D8E866NNGlacnioLluytUlYVK91H-ULTtmmOtUm_4y637OsgXeQZuNkyfoz8_pbetIKsMh1HRhLyzvTRKzWsosUtDlY85dMRQUvTdGsLtPJQzXz9TPJWFxp.4OdnKv62mjNFnYwujAXWuJCq_bjDl5zbStS71EPTnSg&dib_tag=se&keywords=laptop&qid=1752418445&sr=8-18&xpid=JzqK9_Hy0bkdL
"HP 15, 13th Gen Intel Core i5-1335U (16GB DDR4, 512GB SSD) FHD, Anti-Glare, Micro-Edge, 15.6''/39.6cm, Win11, M365 Basic(1yr)* Office24, Silver,1.59kg, fd0577TU, Iris Xe, FHD Camera w/Shutter Laptop","51,990",,https://www.amazon.in/HP-i5-1335U-Anti-Glare-Micro-Edge-fd0577TU/dp/B0F4R6H3NB/ref=sr_1_19?dib=eyJ2IjoiMSJ9.JJ8jp9LweUM7BL5sMTP3Ix90ZNm6o9QqhwNpe2o7SPfS8tdkDnYmuOAvN7QoY9GhHgiR4ejG-D8E866NNGlacnioLluytUlYVK91H-ULTtmmOtUm_4y637OsgXeQZuNkyfoz8_pbetIKsMh1HRhLyzvTRKzWsosUtDlY85dMRQUvTdGsLtPJQzXz9TPJWFxp.4OdnKv62mjNFnYwujAXWuJCq_bjDl5zbStS71EPTnSg&dib_tag=se&keywords=laptop&qid=1752418445&sr=8-19&xpid=JzqK9_Hy0bkdL
"HP 15, 13th Gen Intel Core i7-1355U (16GB DDR4, 512GB SSD) FHD, Anti-Glare, 15.6’’/39.6cm, Win11, M365 Basic(1yr)* Office 24, Silver, 1.59kg, fd0468tu, Iris Xe, FHD Camera w/Shutter, Backlit Laptop","62,990",,https://www.amazon.in/HP-i7-1355U-Anti-Glare-fd0468tu-Shutter/dp/B0DTTS34NW/ref=sr_1_20?dib=eyJ2IjoiMSJ9.JJ8jp9LweUM7BL5sMTP3Ix90ZNm6o9QqhwNpe2o7SPfS8tdkDnYmuOAvN7QoY9GhHgiR4ejG-D8E866NNGlacnioLluytUlYVK91H-ULTtmmOtUm_4y637OsgXeQZuNkyfoz8_pbetIKsMh1HRhLyzvTRKzWsosUtDlY85dMRQUvTdGsLtPJQzXz9TPJWFxp.4OdnKv62mjNFnYwujAXWuJCq_bjDl5zbStS71EPTnSg&dib_tag=se&keywords=laptop&qid=1752418445&sr=8-20&xpid=JzqK9_Hy0bkdL
"Lenovo Smartchoice Ideapad Slim 3 13Th Gen Intel Core I7-13620H 15.3 Inch(38.8Cm) WUXGA IPS Laptop(16GB RAM/512GB SSD/Windows 11/Office Home 2024/Backlit Keyboard/1Yr ADP Free/Grey/1.6Kg),83K100CJIN","61,990",,https://www.amazon.in/Lenovo-Smartchoice-I7-13620H-Keyboard-83K100CJIN/dp/B0F2162VGQ/ref=sr_1_21?dib=eyJ2IjoiMSJ9.JJ8jp9LweUM7BL5sMTP3Ix90ZNm6o9QqhwNpe2o7SPfS8tdkDnYmuOAvN7QoY9GhHgiR4ejG-D8E866NNGlacnioLluytUlYVK91H-ULTtmmOtUm_4y637OsgXeQZuNkyfoz8_pbetIKsMh1HRhLyzvTRKzWsosUtDlY85dMRQUvTdGsLtPJQzXz9TPJWFxp.4OdnKv62mjNFnYwujAXWuJCq_bjDl5zbStS71EPTnSg&dib_tag=se&keywords=laptop&qid=1752418445&sr=8-21&xpid=JzqK9_Hy0bkdL
"Acer Aspire Lite,13th Gen, Intel Core i3-1305U, 16GB RAM, 512GB SSD, Full HD, 15.6""/39.62cm, Windows 11 Home, Steel Gray, 1.59KG, AL15-53, Metal Body, 36 WHR, Thin and Light Premium Laptop","33,990",,https://www.amazon.in/sspa/click?ie=UTF8&spc=MTo3NTE2ODAxMzY4ODA5NTg0OjE3NTI0MTg0NDU6c3BfbXRmOjMwMDU3OTM3NjY0MDczMjo6MDo6&url=%2Fi3-1305U-39-62cm-Windows-AL15-53-Premium%2Fdp%2FB0DKK15M2P%2Fref%3Dsr_1_22_sspa%3Fdib%3DeyJ2IjoiMSJ9.JJ8jp9LweUM7BL5sMTP3Ix90ZNm6o9QqhwNpe2o7SPfS8tdkDnYmuOAvN7QoY9GhHgiR4ejG-D8E866NNGlacnioLluytUlYVK91H-ULTtmmOtUm_4y637OsgXeQZuNkyfoz8_pbetIKsMh1HRhLyzvTRKzWsosUtDlY85dMRQUvTdGsLtPJQzXz9TPJWFxp.4OdnKv62mjNFnYwujAXWuJCq_bjDl5zbStS71EPTnSg%26dib_tag%3Dse%26keywords%3Dlaptop%26qid%3D1752418445%26sr%3D8-22-spons%26xpid%3DJzqK9_Hy0bkdL%26sp_csd%3Dd2lkZ2V0TmFtZT1zcF9tdGY%26psc%3D1&cr=DUB
"Lenovo IdeaPad Slim 3, Intel Core i5-12450H 12th Gen, 16GB RAM, 512GB SSD, FHD 250Nits, 14""/35.5cm, Windows 11, MSOffice 21, Grey, 1.37Kg, 83EQ005VIN,1Yr Warranty,Alexa Built-in,3 mon. GamePass Laptop","47,890",,https://www.amazon.in/sspa/click?ie=UTF8&spc=MTo3NTE2ODAxMzY4ODA5NTg0OjE3NTI0MTg0NDU6c3BfbXRmOjMwMDI4NDc3NzI2NjgzMjo6MDo6&url=%2FLenovo-IdeaPad-i5-12450H-Warranty-83EQ005VIN%2Fdp%2FB0D6MPVN7B%2Fref%3Dsr_1_23_sspa%3Fdib%3DeyJ2IjoiMSJ9.JJ8jp9LweUM7BL5sMTP3Ix90ZNm6o9QqhwNpe2o7SPfS8tdkDnYmuOAvN7QoY9GhHgiR4ejG-D8E866NNGlacnioLluytUlYVK91H-ULTtmmOtUm_4y637OsgXeQZuNkyfoz8_pbetIKsMh1HRhLyzvTRKzWsosUtDlY85dMRQUvTdGsLtPJQzXz9TPJWFxp.4OdnKv62mjNFnYwujAXWuJCq_bjDl5zbStS71EPTnSg%26dib_tag%3Dse%26keywords%3Dlaptop%26qid%3D1752418445%26sr%3D8-23-spons%26xpid%3DJzqK9_Hy0bkdL%26sp_csd%3Dd2lkZ2V0TmFtZT1zcF9tdGY%26psc%3D1&cr=DUB
"HP Smartchoice Omen AMD Ryzen 7 7840Hs, 8GB RTX 4060 (16GB DDR5, 1TB SSD) FHD, 165Hz, 300Nits, IPS, 16.1''/40.9cm, Win11, Office 21, Black, 2.32kg, Xd0020ax, RGB kb, Tempest Cooling, AI Gaming Laptop","1,02,990",,https://www.amazon.in/Smartchoice-300Nits-Xd0020ax-Tempest-Cooling/dp/B0CCVZP835/ref=sr_1_24?dib=eyJ2IjoiMSJ9.JJ8jp9LweUM7BL5sMTP3Ix90ZNm6o9QqhwNpe2o7SPfS8tdkDnYmuOAvN7QoY9GhHgiR4ejG-D8E866NNGlacnioLluytUlYVK91H-ULTtmmOtUm_4y637OsgXeQZuNkyfoz8_pbetIKsMh1HRhLyzvTRKzWsosUtDlY85dMRQUvTdGsLtPJQzXz9TPJWFxp.4OdnKv62mjNFnYwujAXWuJCq_bjDl5zbStS71EPTnSg&dib_tag=se&keywords=laptop&qid=1752418445&sr=8-24&xpid=JzqK9_Hy0bkdL
"Acer Aspire Lite, 13th Gen, Intel Core i3-1305U, 8GB RAM, 512GB SSD, Full HD, 15.6""/39.62cm, Windows 11 Home, Steel Gray, 1.59KG, AL15-53, Metal Body, 36 WHR, Thin and Light Premium Laptop","29,990",,https://www.amazon.in/Acer-i3-1305U-Premium-Windows-AL15-53/dp/B0DB1SDB87/ref=sr_1_25?dib=eyJ2IjoiMSJ9.JJ8jp9LweUM7BL5sMTP3Ix90ZNm6o9QqhwNpe2o7SPfS8tdkDnYmuOAvN7QoY9GhHgiR4ejG-D8E866NNGlacnioLluytUlYVK91H-ULTtmmOtUm_4y637OsgXeQZuNkyfoz8_pbetIKsMh1HRhLyzvTRKzWsosUtDlY85dMRQUvTdGsLtPJQzXz9TPJWFxp.4OdnKv62mjNFnYwujAXWuJCq_bjDl5zbStS71EPTnSg&dib_tag=se&keywords=laptop&qid=1752418445&sr=8-25&xpid=JzqK9_Hy0bkdL
"HP 15, 13th Gen Intel Core i3-1315U Laptop (8GB DDR4,512GB SSD) Anti-Glare, Micro-Edge,15.6''/39.6cm, FHD, Win11,M365 Basic(1yr),Office Home24, Silver,1.59kg, FHD Camera w/Privacy Shutter, fd0569TU","34,990",,https://www.amazon.in/HP-i3-1315U-Anti-Glare-Micro-Edge-fd0569TU/dp/B0F4R5W1NC/ref=sr_1_26?dib=eyJ2IjoiMSJ9.JJ8jp9LweUM7BL5sMTP3Ix90ZNm6o9QqhwNpe2o7SPfS8tdkDnYmuOAvN7QoY9GhHgiR4ejG-D8E866NNGlacnioLluytUlYVK91H-ULTtmmOtUm_4y637OsgXeQZuNkyfoz8_pbetIKsMh1HRhLyzvTRKzWsosUtDlY85dMRQUvTdGsLtPJQzXz9TPJWFxp.4OdnKv62mjNFnYwujAXWuJCq_bjDl5zbStS71EPTnSg&dib_tag=se&keywords=laptop&qid=1752418445&sr=8-26&xpid=JzqK9_Hy0bkdL
"ASUS Vivobook 15,13th Gen,Intel Core i5-13420H(Intel UHD iGPU/16GB RAM/512GB SSD/FHD/15.6""/60Hz/Backlit Keyboard/Windows 11/M365 Basic (1Year)*/Office Home 2024/Quiet Blue/1.70 kg) X1502VA-BQ836WS","50,990",,https://www.amazon.in/ASUS-Vivobook-i5-13420H-Keyboard-X1502VA-BQ836WS/dp/B0DTYKLHYC/ref=sr_1_27?dib=eyJ2IjoiMSJ9.JJ8jp9LweUM7BL5sMTP3Ix90ZNm6o9QqhwNpe2o7SPfS8tdkDnYmuOAvN7QoY9GhHgiR4ejG-D8E866NNGlacnioLluytUlYVK91H-ULTtmmOtUm_4y637OsgXeQZuNkyfoz8_pbetIKsMh1HRhLyzvTRKzWsosUtDlY85dMRQUvTdGsLtPJQzXz9TPJWFxp.4OdnKv62mjNFnYwujAXWuJCq_bjDl5zbStS71EPTnSg&dib_tag=se&keywords=laptop&qid=1752418445&sr=8-27&xpid=JzqK9_Hy0bkdL
"HP 15 Laptop,13th Gen Intel Core i7-1355U Laptop(16GB DDR4,512GB SSD) Anti-Glare, Micro-Edge,15.6"" FHD, Win11, M365 Basic(1yr),MSOffice 2024,Silver,1.59kg, Iris Xe, Camera w/Shutter,FPR, fd0515TU","64,990",,https://www.amazon.in/HP-i7-1355U-Anti-Glare-Micro-Edge-MSOffice/dp/B0F66VQB4S/ref=sr_1_28?dib=eyJ2IjoiMSJ9.JJ8jp9LweUM7BL5sMTP3Ix90ZNm6o9QqhwNpe2o7SPfS8tdkDnYmuOAvN7QoY9GhHgiR4ejG-D8E866NNGlacnioLluytUlYVK91H-ULTtmmOtUm_4y637OsgXeQZuNkyfoz8_pbetIKsMh1HRhLyzvTRKzWsosUtDlY85dMRQUvTdGsLtPJQzXz9TPJWFxp.4OdnKv62mjNFnYwujAXWuJCq_bjDl5zbStS71EPTnSg&dib_tag=se&keywords=laptop&qid=1752418445&sr=8-28&xpid=JzqK9_Hy0bkdL
"HP 255 G10, AMD Ryzen 3 7320U Quad Core -(8 GB/512 GB SSD/AMD Radeon Graphics) Thin and Light Business Laptop/15.6"" HD Display/Turbo Silver/1.5 kg","26,490",,https://www.amazon.in/HP-Radeon-Graphics-Business-Display/dp/B0F6TJ164J/ref=sr_1_29?dib=eyJ2IjoiMSJ9.JJ8jp9LweUM7BL5sMTP3Ix90ZNm6o9QqhwNpe2o7SPfS8tdkDnYmuOAvN7QoY9GhHgiR4ejG-D8E866NNGlacnioLluytUlYVK91H-ULTtmmOtUm_4y637OsgXeQZuNkyfoz8_pbetIKsMh1HRhLyzvTRKzWsosUtDlY85dMRQUvTdGsLtPJQzXz9TPJWFxp.4OdnKv62mjNFnYwujAXWuJCq_bjDl5zbStS71EPTnSg&dib_tag=se&keywords=laptop&qid=1752418445&sr=8-29&xpid=JzqK9_Hy0bkdL
"HP Pavilion x360, 13th Gen Intel Core i5-1335U (16GB DDR4, 512GB SSD) FHD, IPS, Micro-Edge, 14""/35.6cm, Touchscreen 2-in-1, Win11, Office21, Silver, 1.51kg, ek1074TU, Iris Xe, FPR, 5MP Camera Laptop","64,990",,https://www.amazon.in/HP-Pavilion-i5-1335U-Laptop-Touchscreen/dp/B0CJ2KWNNQ/ref=sr_1_30?dib=eyJ2IjoiMSJ9.JJ8jp9LweUM7BL5sMTP3Ix90ZNm6o9QqhwNpe2o7SPfS8tdkDnYmuOAvN7QoY9GhHgiR4ejG-D8E866NNGlacnioLluytUlYVK91H-ULTtmmOtUm_4y637OsgXeQZuNkyfoz8_pbetIKsMh1HRhLyzvTRKzWsosUtDlY85dMRQUvTdGsLtPJQzXz9TPJWFxp.4OdnKv62mjNFnYwujAXWuJCq_bjDl5zbStS71EPTnSg&dib_tag=se&keywords=laptop&qid=1752418445&sr=8-30&xpid=JzqK9_Hy0bkdL
"Lenovo V14 G3, 12th Gen Intel Core i7-1255U Upto 4.70Ghz (16GB RAM/512GB SSD/Windows 11) 14.0"" FHD Display Thin and Light Laptop/Iron Grey /1.70 kg 1 Year Onsite Brand Warranty","46,990",,https://www.amazon.in/Lenovo-i7-1255U-4-70Ghz-Windows-Warranty/dp/B0F32ZBDNJ/ref=sr_1_31?dib=eyJ2IjoiMSJ9.JJ8jp9LweUM7BL5sMTP3Ix90ZNm6o9QqhwNpe2o7SPfS8tdkDnYmuOAvN7QoY9GhHgiR4ejG-D8E866NNGlacnioLluytUlYVK91H-ULTtmmOtUm_4y637OsgXeQZuNkyfoz8_pbetIKsMh1HRhLyzvTRKzWsosUtDlY85dMRQUvTdGsLtPJQzXz9TPJWFxp.4OdnKv62mjNFnYwujAXWuJCq_bjDl5zbStS71EPTnSg&dib_tag=se&keywords=laptop&qid=1752418445&sr=8-31&xpid=JzqK9_Hy0bkdL
"Lenovo IdeaPad Slim 3 12th Gen Intel® Core™ i5-12450H 15.6 inch (39.6cm) FHD Laptop (16GB/512GB SSD/Windows 11/Office 2024/Alexa Built-in/1Yr ADP Free/3 Month Game Pass/Arctic Grey/1.62Kg), 83ER00KPIN","48,990",,https://www.amazon.in/sspa/click?ie=UTF8&spc=MTo3NTE2ODAxMzY4ODA5NTg0OjE3NTI0MTg0NDU6c3BfYnRmOjMwMDQ3MjU3OTA1NTUzMjo6MDo6&url=%2FLenovo-IdeaPad-i5-12450H-Windows-83ER00KPIN%2Fdp%2FB0DR96PF63%2Fref%3Dsr_1_32_sspa%3Fdib%3DeyJ2IjoiMSJ9.JJ8jp9LweUM7BL5sMTP3Ix90ZNm6o9QqhwNpe2o7SPfS8tdkDnYmuOAvN7QoY9GhHgiR4ejG-D8E866NNGlacnioLluytUlYVK91H-ULTtmmOtUm_4y637OsgXeQZuNkyfoz8_pbetIKsMh1HRhLyzvTRKzWsosUtDlY85dMRQUvTdGsLtPJQzXz9TPJWFxp.4OdnKv62mjNFnYwujAXWuJCq_bjDl5zbStS71EPTnSg%26dib_tag%3Dse%26keywords%3Dlaptop%26qid%3D1752418445%26sr%3D8-32-spons%26xpid%3DJzqK9_Hy0bkdL%26sp_csd%3Dd2lkZ2V0TmFtZT1zcF9idGY%26psc%3D1&cr=DUB
"Acer Aspire Lite, AMD Ryzen 3 7330U Processor, 16 GB RAM, 512GB SSD, Full HD, 15.6""/39.62cm, Windows 11 Home, Steel Gray, 1.59KG, AL15-41, Metal Body, Premium Thin and Light Laptop","28,490",,https://www.amazon.in/sspa/click?ie=UTF8&spc=MTo3NTE2ODAxMzY4ODA5NTg0OjE3NTI0MTg0NDU6c3BfYnRmOjMwMDUxMjYxOTUyOTkzMjo6MDo6&url=%2FAcer-Premium-Windows-AL15-41-Display%2Fdp%2FB0CWTYGPH8%2Fref%3Dsr_1_33_sspa%3Fdib%3DeyJ2IjoiMSJ9.JJ8jp9LweUM7BL5sMTP3Ix90ZNm6o9QqhwNpe2o7SPfS8tdkDnYmuOAvN7QoY9GhHgiR4ejG-D8E866NNGlacnioLluytUlYVK91H-ULTtmmOtUm_4y637OsgXeQZuNkyfoz8_pbetIKsMh1HRhLyzvTRKzWsosUtDlY85dMRQUvTdGsLtPJQzXz9TPJWFxp.4OdnKv62mjNFnYwujAXWuJCq_bjDl5zbStS71EPTnSg%26dib_tag%3Dse%26keywords%3Dlaptop%26qid%3D1752418445%26sr%3D8-33-spons%26xpid%3DJzqK9_Hy0bkdL%26sp_csd%3Dd2lkZ2V0TmFtZT1zcF9idGY%26psc%3D1&cr=DUB
"Lenovo Smartchoice LOQ AMD Ryzen 5 7235HS | NVIDIA RTX 3050 6GB (24GB RAM/512GB SSD/15.6"" (39.6cm)/Windows 11/Office Home 2024/100% sRGB/3 Mon. Game Pass/Grey/2.4Kg), 83JC00EFIN Gaming Laptop","65,490",,https://www.amazon.in/sspa/click?ie=UTF8&spc=MTozMzUzNDk2MTYwODY2NTcyOjE3NTI0MTg0NTA6c3BfYXRmX25leHQ6MzAwNTI1MTYxNzYzNTMyOjowOjo&url=%2FLenovo-Smartchoice-7235HS-Windows-83JC00EFIN%2Fdp%2FB0DPQG53ZR%2Fref%3Dsr_1_33_sspa%3Fdib%3DeyJ2IjoiMSJ9.n8vA73OLnLwHsd32gxk6ME2LJIgZpdcklayLvG6dXzfGjHj071QN20LucGBJIEps.ZGu55IGXGeAyslypd5O_oRWanDVVgFZy10xRzhhupFI%26dib_tag%3Dse%26keywords%3Dlaptop%26qid%3D1752418450%26sr%3D8-33-spons%26xpid%3DJzqK9_Hy0bkdL%26sp_csd%3Dd2lkZ2V0TmFtZT1zcF9hdGZfbmV4dA%26psc%3D1&cr=DUB
"Lenovo Yoga Slim 7 2025 Intel Core Ultra 7 155H 14""(35.5cm) WUXGA-OLED 400Nits Laptop (16GB RAM/512GB SSD/AI PC/2Wx4 Speakers/Windows 11/Office Home 2024/1Yr ADP Free/Grey/1.39Kg), 83CV009XIN","85,990",,https://www.amazon.in/sspa/click?ie=UTF8&spc=MTozMzUzNDk2MTYwODY2NTcyOjE3NTI0MTg0NTA6c3BfYXRmX25leHQ6MzAwNTk5NzMxODY0MDMyOjowOjo&url=%2FLenovo-WUXGA-OLED-400Nits-Speakers-83CV009XIN%2Fdp%2FB0F8RB221J%2Fref%3Dsr_1_34_sspa%3Fdib%3DeyJ2IjoiMSJ9.n8vA73OLnLwHsd32gxk6ME2LJIgZpdcklayLvG6dXzfGjHj071QN20LucGBJIEps.ZGu55IGXGeAyslypd5O_oRWanDVVgFZy10xRzhhupFI%26dib_tag%3Dse%26keywords%3Dlaptop%26qid%3D1752418450%26sr%3D8-34-spons%26xpid%3DJzqK9_Hy0bkdL%26sp_csd%3Dd2lkZ2V0TmFtZT1zcF9hdGZfbmV4dA%26psc%3D1&cr=DUB
"Lenovo {SmartChoice)Chromebook Intel Celeron N4500 (4GB RAM/64GB eMMC 5.1/11.6 Inch (29.46cm)/HD Display/2Wx2 Stereo Speakers/HD Camera/Chrome OS/Blue/1.21Kg), 82UY0014HA","13,990",,https://www.amazon.in/Lenovo-SmartChoice-Chromebook-Speakers-82UY0014HA/dp/B0F2TMZJ24/ref=sr_1_35?dib=eyJ2IjoiMSJ9.n8vA73OLnLwHsd32gxk6ME2LJIgZpdcklayLvG6dXzfGjHj071QN20LucGBJIEps.ZGu55IGXGeAyslypd5O_oRWanDVVgFZy10xRzhhupFI&dib_tag=se&keywords=laptop&qid=1752418450&sr=8-35&xpid=JzqK9_Hy0bkdL
"Dyazo 6 Angles Adjustable Aluminum Ergonomic Foldable Portable Tabletop Laptop/Desktop Riser Stand Holder Compatible for MacBook, HP, Dell, Lenovo & All Other Notebook (Silver)",328,,https://www.amazon.in/Dyazo-Computer-Adjustable-Ergonomic-Compatible/dp/B08LHTJTBB/ref=sr_1_37?dib=eyJ2IjoiMSJ9.n8vA73OLnLwHsd32gxk6ME2LJIgZpdcklayLvG6dXzfGjHj071QN20LucGBJIEps.ZGu55IGXGeAyslypd5O_oRWanDVVgFZy10xRzhhupFI&dib_tag=se&keywords=laptop&qid=1752418450&sr=8-37&xpid=JzqK9_Hy0bkdL
"Cable World Educational Laptop Computer Toy Educational Computer for Kids Above 3 Years - 20 Fun Activity Learning Machine, Now Learn Letter, Words, Games, Mathematics, Music, Logic, Memory Tool,Blue",649,,https://www.amazon.in/Cable-Tricycle-Dancing-Battery-Operated/dp/B08BJC3HXK/ref=sr_1_33?dib=eyJ2IjoiMSJ9.MBsguL4-IASSRzo2Tp4xVqg4peDMSnta4KZXqeW6666ZXMdDcd0Cu-26AeGYbFfVaR8UPkDvfCQBNvZn-_JLzFxFjdfKTm85o3grY2oFTKJUSU-WwPiBdIVTzV04kFO-oDSkXQAh7fB0zqH-TYqSr2rVkE_ag0SWbko1iwuZq7Obrehzp7XKH3bf4mIlF3zG.vnwLLz8h4sYNdVu0zxwquxs2yfzZB09-tR-Ra5eZ5fs&dib_tag=se&keywords=laptop&qid=1752418450&sr=8-33&xpid=JzqK9_Hy0bkdL
"Lenovo V15 Intel Core i7 12th Gen 15.6"" (39.62 cm) 16GB RAM/512GB SSD/Windows 11 Home/FHD (1920x1080) Antiglare 250 Nits Thin and Light Laptop/Iron Grey/1Y Onsite Warranty /1.7 kg, 82TTA08AIN","43,990",,https://www.amazon.in/Lenovo-1920x1080-Antiglare-Windows-82TTA08AIN/dp/B0CJTRM3QW/ref=sr_1_34?dib=eyJ2IjoiMSJ9.MBsguL4-IASSRzo2Tp4xVqg4peDMSnta4KZXqeW6666ZXMdDcd0Cu-26AeGYbFfVaR8UPkDvfCQBNvZn-_JLzFxFjdfKTm85o3grY2oFTKJUSU-WwPiBdIVTzV04kFO-oDSkXQAh7fB0zqH-TYqSr2rVkE_ag0SWbko1iwuZq7Obrehzp7XKH3bf4mIlF3zG.vnwLLz8h4sYNdVu0zxwquxs2yfzZB09-tR-Ra5eZ5fs&dib_tag=se&keywords=laptop&qid=1752418450&sr=8-34&xpid=JzqK9_Hy0bkdL
"Dyazo Water Resistant Laptop Sleeve/Laptop case/laptop cover with Handle Compatible for 15 Inch to 15.6"" Inches laptops & Notebooks - Grey",279,,https://www.amazon.in/Dyazo-Resistant-Compatible-laptops-Notebooks/dp/B09BFV96TS/ref=sr_1_35?dib=eyJ2IjoiMSJ9.MBsguL4-IASSRzo2Tp4xVqg4peDMSnta4KZXqeW6666ZXMdDcd0Cu-26AeGYbFfVaR8UPkDvfCQBNvZn-_JLzFxFjdfKTm85o3grY2oFTKJUSU-WwPiBdIVTzV04kFO-oDSkXQAh7fB0zqH-TYqSr2rVkE_ag0SWbko1iwuZq7Obrehzp7XKH3bf4mIlF3zG.vnwLLz8h4sYNdVu0zxwquxs2yfzZB09-tR-Ra5eZ5fs&dib_tag=se&keywords=laptop&qid=1752418450&sr=8-35&xpid=JzqK9_Hy0bkdL
"HP 255 G10 7000 Series AMD Ryzen 5 Quad Core 7520U 2.8Ghz Upto 4.3Ghz - (8 GB/512 GB SSD/AMD Radeon Graphics) 255 G10 Thin and Light Laptop (15.6 inch, Matt Silver, 1.45 kg)","28,370",,https://www.amazon.in/HP-Ryzen-7520U-2-8Ghz-4-3Ghz/dp/B0F4KYTVCP/ref=sr_1_36?dib=eyJ2IjoiMSJ9.MBsguL4-IASSRzo2Tp4xVqg4peDMSnta4KZXqeW6666ZXMdDcd0Cu-26AeGYbFfVaR8UPkDvfCQBNvZn-_JLzFxFjdfKTm85o3grY2oFTKJUSU-WwPiBdIVTzV04kFO-oDSkXQAh7fB0zqH-TYqSr2rVkE_ag0SWbko1iwuZq7Obrehzp7XKH3bf4mIlF3zG.vnwLLz8h4sYNdVu0zxwquxs2yfzZB09-tR-Ra5eZ5fs&dib_tag=se&keywords=laptop&qid=1752418450&sr=8-36&xpid=JzqK9_Hy0bkdL
"Acer [SmartChoice Aspire 3 Laptop Intel Core Celeron N4500 Processor Laptop (8 GB LPDDR4X SDRAM/512 GB SSD/Win11 Home/38 WHR/HD Webcam) A325-45 with 39.63 cm (15.6"") HD Display, Pure Silver, 1.5 KG","21,990",,https://www.amazon.in/Acer-Celeron-Processor-LPDDR4X-A325-45/dp/B0D7PYTTGH/ref=sr_1_37?dib=eyJ2IjoiMSJ9.MBsguL4-IASSRzo2Tp4xVqg4peDMSnta4KZXqeW6666ZXMdDcd0Cu-26AeGYbFfVaR8UPkDvfCQBNvZn-_JLzFxFjdfKTm85o3grY2oFTKJUSU-WwPiBdIVTzV04kFO-oDSkXQAh7fB0zqH-TYqSr2rVkE_ag0SWbko1iwuZq7Obrehzp7XKH3bf4mIlF3zG.vnwLLz8h4sYNdVu0zxwquxs2yfzZB09-tR-Ra5eZ5fs&dib_tag=se&keywords=laptop&qid=1752418450&sr=8-37&xpid=JzqK9_Hy0bkdL
"Dell Inspiron 3535, AMD Ryzen 5-7530U, 16 GB RAM, 512 GB SSD, FHD IPS 15.6""/39.62 cm, 120Hz, Windows 11, MS Office 2024, Platinum Silver, 1.67 kg, Thin & Light Laptop","39,990",,https://www.amazon.in/sspa/click?ie=UTF8&spc=MTozMzUzNDk2MTYwODY2NTcyOjE3NTI0MTg0NTA6c3BfbXRmOjMwMDU2MjgzMDQ1NDIzMjo6MDo6&url=%2FDell-Inspiron-5-7530U-Windows-Platinum%2Fdp%2FB0DSFRQTGB%2Fref%3Dsr_1_38_sspa%3Fdib%3DeyJ2IjoiMSJ9.MBsguL4-IASSRzo2Tp4xVqg4peDMSnta4KZXqeW6666ZXMdDcd0Cu-26AeGYbFfVaR8UPkDvfCQBNvZn-_JLzFxFjdfKTm85o3grY2oFTKJUSU-WwPiBdIVTzV04kFO-oDSkXQAh7fB0zqH-TYqSr2rVkE_ag0SWbko1iwuZq7Obrehzp7XKH3bf4mIlF3zG.vnwLLz8h4sYNdVu0zxwquxs2yfzZB09-tR-Ra5eZ5fs%26dib_tag%3Dse%26keywords%3Dlaptop%26qid%3D1752418450%26sr%3D8-38-spons%26xpid%3DJzqK9_Hy0bkdL%26sp_csd%3Dd2lkZ2V0TmFtZT1zcF9tdGY%26psc%3D1&cr=DUB
"Acer[SmartChoice Aspire Lite 12thGen Intel Core i5-12450H Premium Laptop(Win11Home/16GB RAM/512GB SSD/IntelUHD Graphics/MSO)AL15-52H, 39.62cm(15.6"") FHD IPS Display,Backlit Keyboard,Pure Silver, 1.7KG","42,990",,https://www.amazon.in/sspa/click?ie=UTF8&spc=MTozMzUzNDk2MTYwODY2NTcyOjE3NTI0MTg0NTA6c3BfbXRmOjMwMDQzOTQzOTEwODIzMjo6MDo6&url=%2FAcer-i5-12450H-Windows11Home-AL15-52H-Keyboard%2Fdp%2FB0DDL495SX%2Fref%3Dsr_1_39_sspa%3Fdib%3DeyJ2IjoiMSJ9.MBsguL4-IASSRzo2Tp4xVqg4peDMSnta4KZXqeW6666ZXMdDcd0Cu-26AeGYbFfVaR8UPkDvfCQBNvZn-_JLzFxFjdfKTm85o3grY2oFTKJUSU-WwPiBdIVTzV04kFO-oDSkXQAh7fB0zqH-TYqSr2rVkE_ag0SWbko1iwuZq7Obrehzp7XKH3bf4mIlF3zG.vnwLLz8h4sYNdVu0zxwquxs2yfzZB09-tR-Ra5eZ5fs%26dib_tag%3Dse%26keywords%3Dlaptop%26qid%3D1752418450%26sr%3D8-39-spons%26xpid%3DJzqK9_Hy0bkdL%26sp_csd%3Dd2lkZ2V0TmFtZT1zcF9tdGY%26psc%3D1&cr=DUB
"HP 15 (2025), Intel Celeron Dual Core N4500 - (8 GB/256 GB SSD/Intel UHD Graphics/Windows 11 Pro) Thin and Light Business Laptop/15.6"" HD Display/Ash Grey/1.5 kg/MS Office 2021","22,510",,https://www.amazon.in/HP-15-Intel-Celeron-N4500/dp/B0F8WTY1HN/ref=sr_1_40?dib=eyJ2IjoiMSJ9.MBsguL4-IASSRzo2Tp4xVqg4peDMSnta4KZXqeW6666ZXMdDcd0Cu-26AeGYbFfVaR8UPkDvfCQBNvZn-_JLzFxFjdfKTm85o3grY2oFTKJUSU-WwPiBdIVTzV04kFO-oDSkXQAh7fB0zqH-TYqSr2rVkE_ag0SWbko1iwuZq7Obrehzp7XKH3bf4mIlF3zG.vnwLLz8h4sYNdVu0zxwquxs2yfzZB09-tR-Ra5eZ5fs&dib_tag=se&keywords=laptop&qid=1752418450&sr=8-40&xpid=JzqK9_Hy0bkdL
"Walker Best Student &Office Work Laptop|Thin & Light|14.1"" 1920 * 1080 Resolution FHD IPS Display |4GB RAM,128GB SSD|Celeron Processor N4020 (Gemini Lake)| Windows 11 Home | Silver","12,490",,https://www.amazon.in/Walker-Display-Resolution-Graphics-Mini-HDMI/dp/B0CGVLLWT3/ref=sr_1_41?dib=eyJ2IjoiMSJ9.MBsguL4-IASSRzo2Tp4xVqg4peDMSnta4KZXqeW6666ZXMdDcd0Cu-26AeGYbFfVaR8UPkDvfCQBNvZn-_JLzFxFjdfKTm85o3grY2oFTKJUSU-WwPiBdIVTzV04kFO-oDSkXQAh7fB0zqH-TYqSr2rVkE_ag0SWbko1iwuZq7Obrehzp7XKH3bf4mIlF3zG.vnwLLz8h4sYNdVu0zxwquxs2yfzZB09-tR-Ra5eZ5fs&dib_tag=se&keywords=laptop&qid=1752418450&sr=8-41&xpid=JzqK9_Hy0bkdL
"HP 15 AMD Ryzen 3 7320U (8GB Ram/512GB SSD/Fhd/15.6"" (39.6 Cm)/Backlit Keyboard/Windows 11/Ms Office 21/1.59Kg/Silver) Fc0026Au Laptop","30,950",,https://www.amazon.in/HP-Backlit-Keyboard-Windows-Fc0026Au/dp/B0C3RCR4K7/ref=sr_1_42?dib=eyJ2IjoiMSJ9.MBsguL4-IASSRzo2Tp4xVqg4peDMSnta4KZXqeW6666ZXMdDcd0Cu-26AeGYbFfVaR8UPkDvfCQBNvZn-_JLzFxFjdfKTm85o3grY2oFTKJUSU-WwPiBdIVTzV04kFO-oDSkXQAh7fB0zqH-TYqSr2rVkE_ag0SWbko1iwuZq7Obrehzp7XKH3bf4mIlF3zG.vnwLLz8h4sYNdVu0zxwquxs2yfzZB09-tR-Ra5eZ5fs&dib_tag=se&keywords=laptop&qid=1752418450&sr=8-42&xpid=JzqK9_Hy0bkdL
"HP 14 245 G10 (2025), AMD Ryzen 5 7520U Quad Core - (8 GB/512 GB SSD/AMD Radeon Graphics/Windows 11) Thin and Light Business Laptop/14.0"" HD Display/Ash Grey/1.36 kg/MS Office 2021","29,990",,https://www.amazon.in/HP-14-Ryzen-7520U-Quad/dp/B0F6V25PSC/ref=sr_1_43?dib=eyJ2IjoiMSJ9.MBsguL4-IASSRzo2Tp4xVqg4peDMSnta4KZXqeW6666ZXMdDcd0Cu-26AeGYbFfVaR8UPkDvfCQBNvZn-_JLzFxFjdfKTm85o3grY2oFTKJUSU-WwPiBdIVTzV04kFO-oDSkXQAh7fB0zqH-TYqSr2rVkE_ag0SWbko1iwuZq7Obrehzp7XKH3bf4mIlF3zG.vnwLLz8h4sYNdVu0zxwquxs2yfzZB09-tR-Ra5eZ5fs&dib_tag=se&keywords=laptop&qid=1752418450&sr=8-43&xpid=JzqK9_Hy0bkdL
"HP 14s, Intel Celeron N4500 Laptop (8GB DDR4,512GB SSD) Anti-Glare, Micro-Edge, 14/35.6cm, HD, Win11, M365 Basic(1yr),Office Home24, Black,1.46kg, HD Camera, UHD Graphics, dq3141TU","25,990",,https://www.amazon.in/HP-Anti-Glare-Micro-Edge-Graphics-dq3141TU/dp/B0FB9B6HLV/ref=sr_1_44?dib=eyJ2IjoiMSJ9.MBsguL4-IASSRzo2Tp4xVqg4peDMSnta4KZXqeW6666ZXMdDcd0Cu-26AeGYbFfVaR8UPkDvfCQBNvZn-_JLzFxFjdfKTm85o3grY2oFTKJUSU-WwPiBdIVTzV04kFO-oDSkXQAh7fB0zqH-TYqSr2rVkE_ag0SWbko1iwuZq7Obrehzp7XKH3bf4mIlF3zG.vnwLLz8h4sYNdVu0zxwquxs2yfzZB09-tR-Ra5eZ5fs&dib_tag=se&keywords=laptop&qid=1752418450&sr=8-44&xpid=JzqK9_Hy0bkdL
"HP 15, AMD Ryzen 5 7520U, 16GB DDR5, 512GB SSD, (Win 11, Office 21, Silver, 1.59kg), Anti-Glare, Micro-Edge, 15.6-inch(39.6cm), FHD Laptop, AMD Radeon Graphics, 1080p FHD Camera, Backlit KB, fc0156AU","41,490",,https://www.amazon.in/HP-RyzenTM-15-6-inch-Speakers-15s-fc0156AU/dp/B0CY2PLQ8N/ref=sr_1_45?dib=eyJ2IjoiMSJ9.MBsguL4-IASSRzo2Tp4xVqg4peDMSnta4KZXqeW6666ZXMdDcd0Cu-26AeGYbFfVaR8UPkDvfCQBNvZn-_JLzFxFjdfKTm85o3grY2oFTKJUSU-WwPiBdIVTzV04kFO-oDSkXQAh7fB0zqH-TYqSr2rVkE_ag0SWbko1iwuZq7Obrehzp7XKH3bf4mIlF3zG.vnwLLz8h4sYNdVu0zxwquxs2yfzZB09-tR-Ra5eZ5fs&dib_tag=se&keywords=laptop&qid=1752418450&sr=8-45&xpid=JzqK9_Hy0bkdL
"HP 15s, 12th Gen Intel Core i3-1215U Laptop (8GB DDR4, 512GB SSD) Anti-Glare, 15.6""/39.6cm,FHD, Win 11, MS Office 21, Silver, 1.69kg, Intel UHD Graphics, HD Camera, Dual Speakers, fy5006tu","37,500",,https://www.amazon.in/HP-i3-1215U-Anti-Glare-15-6inch-Graphics/dp/B0CJBL2QWY/ref=sr_1_46?dib=eyJ2IjoiMSJ9.MBsguL4-IASSRzo2Tp4xVqg4peDMSnta4KZXqeW6666ZXMdDcd0Cu-26AeGYbFfVaR8UPkDvfCQBNvZn-_JLzFxFjdfKTm85o3grY2oFTKJUSU-WwPiBdIVTzV04kFO-oDSkXQAh7fB0zqH-TYqSr2rVkE_ag0SWbko1iwuZq7Obrehzp7XKH3bf4mIlF3zG.vnwLLz8h4sYNdVu0zxwquxs2yfzZB09-tR-Ra5eZ5fs&dib_tag=se&keywords=laptop&qid=1752418450&sr=8-46&xpid=JzqK9_Hy0bkdL
"HP 15, 13th Gen Intel Core i5-1334U (16GB DDR4, 1TB SSD) FHD, Anti-Glare, Micro-Edge, 15.6''/39.6cm, Win11, M365(1yr)* Office24, Silver, 1.59kg, FD0552TU, Iris Xe, FHD Camera w/Shutter, Backlit Laptop","56,990",,https://www.amazon.in/HP-i5-1334U-Anti-Glare-Micro-Edge-FD0552TU/dp/B0F671GG5M/ref=sr_1_47?dib=eyJ2IjoiMSJ9.MBsguL4-IASSRzo2Tp4xVqg4peDMSnta4KZXqeW6666ZXMdDcd0Cu-26AeGYbFfVaR8UPkDvfCQBNvZn-_JLzFxFjdfKTm85o3grY2oFTKJUSU-WwPiBdIVTzV04kFO-oDSkXQAh7fB0zqH-TYqSr2rVkE_ag0SWbko1iwuZq7Obrehzp7XKH3bf4mIlF3zG.vnwLLz8h4sYNdVu0zxwquxs2yfzZB09-tR-Ra5eZ5fs&dib_tag=se&keywords=laptop&qid=1752418450&sr=8-47&xpid=JzqK9_Hy0bkdL
"Acer Aspire Lite, AMD Ryzen 3 7330U Processor, 8 GB RAM, 512 GB SSD, Full HD, 15.6""/39.62cm, Windows 11 Home, Steel Gray, 1.6KG, AL15-41, Metal Body, Premium Thin and Light Laptop","24,990",,https://www.amazon.in/sspa/click?ie=UTF8&spc=MTozMzUzNDk2MTYwODY2NTcyOjE3NTI0MTg0NTA6c3BfYnRmOjMwMDE5MzkwOTY5NzAzMjo6MDo6&url=%2FAcer-Smartchoice-Premium-Windows-AL15-41%2Fdp%2FB0CWTSF1TK%2Fref%3Dsr_1_48_sspa%3Fdib%3DeyJ2IjoiMSJ9.MBsguL4-IASSRzo2Tp4xVqg4peDMSnta4KZXqeW6666ZXMdDcd0Cu-26AeGYbFfVaR8UPkDvfCQBNvZn-_JLzFxFjdfKTm85o3grY2oFTKJUSU-WwPiBdIVTzV04kFO-oDSkXQAh7fB0zqH-TYqSr2rVkE_ag0SWbko1iwuZq7Obrehzp7XKH3bf4mIlF3zG.vnwLLz8h4sYNdVu0zxwquxs2yfzZB09-tR-Ra5eZ5fs%26dib_tag%3Dse%26keywords%3Dlaptop%26qid%3D1752418450%26sr%3D8-48-spons%26xpid%3DJzqK9_Hy0bkdL%26sp_csd%3Dd2lkZ2V0TmFtZT1zcF9idGY%26psc%3D1&cr=DUB
"Acer Aspire Lite, 13th Gen, Intel Core i3-1305U, 8GB RAM, 512GB SSD, Full HD, 15.6""/39.62cm, Windows 11 Home, Steel Gray, 1.59KG, AL15-53, Metal Body, 36 WHR, Thin and Light Premium Laptop","29,990",,https://www.amazon.in/sspa/click?ie=UTF8&spc=MTozMzUzNDk2MTYwODY2NTcyOjE3NTI0MTg0NTA6c3BfYnRmOjMwMDI4MDMxNDIxMDgzMjo6MDo6&url=%2FAcer-i3-1305U-Premium-Windows-AL15-53%2Fdp%2FB0DB1SDB87%2Fref%3Dsr_1_49_sspa%3Fdib%3DeyJ2IjoiMSJ9.MBsguL4-IASSRzo2Tp4xVqg4peDMSnta4KZXqeW6666ZXMdDcd0Cu-26AeGYbFfVaR8UPkDvfCQBNvZn-_JLzFxFjdfKTm85o3grY2oFTKJUSU-WwPiBdIVTzV04kFO-oDSkXQAh7fB0zqH-TYqSr2rVkE_ag0SWbko1iwuZq7Obrehzp7XKH3bf4mIlF3zG.vnwLLz8h4sYNdVu0zxwquxs2yfzZB09-tR-Ra5eZ5fs%26dib_tag%3Dse%26keywords%3Dlaptop%26qid%3D1752418450%26sr%3D8-49-spons%26xpid%3DJzqK9_Hy0bkdL%26sp_csd%3Dd2lkZ2V0TmFtZT1zcF9idGY%26psc%3D1&cr=DUB
